{"schemaVersion":"1.0","appDefinitionTemplate":{"id":"/providers/Microsoft.PowerApps/apps/","type":"Microsoft.PowerApps/apps","tags":{"primaryDeviceWidth":"640","primaryDeviceHeight":"1136","supportsPortrait":"true","supportsLandscape":"true","primaryFormFactor":"Phone","showStatusBar":"false","publisherVersion":"3.25032.9","minimumRequiredApiVersion":"2.2.0","hasComponent":"false","hasUnlockedComponent":"false","isUnifiedRootApp":"false","sienaVersion":"20250318T122918Z-3.25032.9.0"},"properties":{"appVersion":"2025-03-18T12:29:18Z","lifeCycleId":"Published","createdByClientVersion":{"major":3,"minor":25032,"build":9,"revision":0,"majorRevision":0,"minorRevision":0},"minClientVersion":{"major":3,"minor":25032,"build":9,"revision":0,"majorRevision":0,"minorRevision":0},"backgroundColor":"RGBA(0,176,240,1)","backgroundImageUri":"/2716916534025628680/N281cb7bf-f247-42f9-a2f5-490928b68be9-logoSmallFile","displayName":"brblab","description":"","commitMessage":"","appUris":{"documentUri":{"value":"/2716916534025628680/N738a4183-93bd-416e-8f71-a90c10a10d7a-document.msapp"},"imageUris":[],"additionalUris":[{"isSolutionAware":false,"value":"/2716916534025628680/N87366b58-6c54-46d4-ab09-a9a2941a847c-identity.json"}]},"createdTime":"0001-01-01T00:00:00Z","lastModifiedTime":"0001-01-01T00:00:00Z","sharedGroupsCount":0,"sharedUsersCount":0,"connectionReferences":{},"databaseReferences":{},"almMode":"Environment","performanceOptimizationEnabled":true,"canConsumeAppPass":false,"enableModernRuntimeMode":false,"executionRestrictions":{"isTeamsOnly":false,"dataLossPreventionEvaluationResult":{"status":"Compliant","lastEvaluationDate":"2025-03-18T00:58:44.8344258Z","violations":[],"violationsByPolicy":[],"violationErrorMessage":"O aplicativo usa os seguintes conectores: ."}}},"isAppComponentLibrary":false,"appType":"ClassicCanvasApp","appComponents":[]}}